Price,Open
Ticker,BRLMXN=X
2022-01-01,3.6586999893188477
2022-01-02,3.6586999893188477
2022-01-03,3.6586999893188477
2022-01-04,3.6059000492095947
2022-01-05,3.615499973297119
2022-01-06,3.602799892425537
2022-01-07,3.6064000129699707
2022-01-08,3.6150999069213867
2022-01-09,3.6150999069213867
2022-01-10,3.6150999069213867
2022-01-11,3.5952000617980957
2022-01-12,3.6598000526428223
2022-01-13,3.6779000759124756
2022-01-14,3.676800012588501
2022-01-15,3.6677000522613525
2022-01-16,3.6677000522613525
2022-01-17,3.6677000522613525
2022-01-18,3.676300048828125
2022-01-19,3.6626999378204346
2022-01-20,3.770699977874756
2022-01-21,3.7857000827789307
2022-01-22,3.7441999912261963
2022-01-23,3.7441999912261963
2022-01-24,3.7441999912261963
2022-01-25,3.7479000091552734
2022-01-26,3.7841999530792236
2022-01-27,3.812999963760376
2022-01-28,3.8396999835968018
2022-01-29,3.8738999366760254
2022-01-30,3.8738999366760254
2022-01-31,3.8738999366760254
2022-02-01,3.889400005340576
2022-02-02,3.900399923324585
2022-02-03,3.914400100708008
2022-02-04,3.8907999992370605
2022-02-05,3.879699945449829
2022-02-06,3.879699945449829
2022-02-07,3.879699945449829
2022-02-08,3.910599946975708
2022-02-09,3.914599895477295
2022-02-10,3.910957098007202
2022-02-11,3.914400100708008
2022-02-12,3.908099889755249
2022-02-13,3.908099889755249
2022-02-14,3.908099889755249
2022-02-15,3.9110000133514404
2022-02-16,3.9519999027252197
2022-02-17,3.9491000175476074
2022-02-18,3.924999952316284
2022-02-19,3.9481000900268555
2022-02-20,3.9481000900268555
2022-02-21,3.9481000900268555
2022-02-22,3.981300115585327
2022-02-23,4.010499954223633
2022-02-24,4.0391998291015625
2022-02-25,4.01230001449585
2022-02-26,3.988100051879883
2022-02-27,3.988100051879883
2022-02-28,3.988100051879883
2022-03-01,3.9665000438690186
2022-03-02,3.998800039291382
2022-03-03,4.046999931335449
2022-03-04,4.100200176239014
2022-03-05,4.141300201416016
2022-03-06,4.141300201416016
2022-03-07,4.141300201416016
2022-03-08,4.166500091552734
2022-03-09,4.218999862670898
2022-03-10,4.1697998046875
2022-03-11,4.173399925231934
2022-03-12,4.117599964141846
2022-03-13,4.117599964141846
2022-03-14,4.117599964141846
2022-03-15,4.078700065612793
2022-03-16,4.031899929046631
2022-03-17,4.064000129699707
2022-03-18,4.069399833679199
2022-03-19,4.0594000816345215
2022-03-20,4.0594000816345215
2022-03-21,4.0594000816345215
2022-03-22,4.128300189971924
2022-03-23,4.1280999183654785
2022-03-24,4.189599990844727
2022-03-25,4.158400058746338
2022-03-26,4.2266998291015625
2022-03-27,4.2266998291015625
2022-03-28,4.2266998291015625
2022-03-29,4.215400218963623
2022-03-30,4.196700096130371
2022-03-31,4.164599895477295
2022-04-01,4.192299842834473
2022-04-02,4.263800144195557
2022-04-03,4.263800144195557
2022-04-04,4.263800144195557
2022-04-05,4.310299873352051
2022-04-06,4.294300079345703
2022-04-07,4.273200035095215
2022-04-08,4.2342000007629395
2022-04-09,4.2718000411987305
2022-04-10,4.2718000411987305
2022-04-11,4.2718000411987305
2022-04-12,4.246699810028076
2022-04-13,4.2357001304626465
2022-04-14,4.210999965667725
2022-04-15,4.2434000968933105
2022-04-16,4.247399806976318
2022-04-17,4.247399806976318
2022-04-18,4.247399806976318
2022-04-19,4.25540018081665
2022-04-20,4.288899898529053
2022-04-21,4.3221001625061035
2022-04-22,4.365900039672852
2022-04-23,4.220900058746338
2022-04-24,4.220900058746338
2022-04-25,4.220900058746338
2022-04-26,4.1458001136779785
2022-04-27,4.076900005340576
2022-04-28,4.104800224304199
2022-04-29,4.138899803161621
2022-04-30,4.105299949645996
2022-05-01,4.105299949645996
2022-05-02,4.105299949645996
2022-05-03,4.019599914550781
2022-05-04,4.087900161743164
2022-05-05,4.072199821472168
2022-05-06,4.017399787902832
2022-05-07,3.974100112915039
2022-05-08,3.974100112915039
2022-05-09,3.974100112915039
2022-05-10,3.9442999362945557
2022-05-11,3.9684441089630127
2022-05-12,3.953200101852417
2022-05-13,3.9321999549865723
2022-05-14,3.9691998958587646
2022-05-15,3.9691998958587646
2022-05-16,3.9691998958587646
2022-05-17,3.9535720348358154
2022-05-18,4.035200119018555
2022-05-19,4.031799793243408
2022-05-20,4.04040002822876
2022-05-21,4.066299915313721
2022-05-22,4.066299915313721
2022-05-23,4.066299915313721
2022-05-24,4.1350998878479
2022-05-25,4.116399765014648
2022-05-26,4.10830020904541
2022-05-27,4.1427998542785645
2022-05-28,4.139100074768066
2022-05-29,4.139100074768066
2022-05-30,4.139100074768066
2022-05-31,4.109799861907959
2022-06-01,4.150237083435059
2022-06-02,4.090746879577637
2022-06-03,4.072199821472168
2022-06-04,4.092899799346924
2022-06-05,4.092899799346924
2022-06-06,4.092899799346924
2022-06-07,4.0792999267578125
2022-06-08,4.020500183105469
2022-06-09,3.996000051498413
2022-06-10,4.011000156402588
2022-06-11,4.010300159454346
2022-06-12,4.010300159454346
2022-06-13,4.010300159454346
2022-06-14,4.002799987792969
2022-06-15,4.017600059509277
2022-06-16,4.000100135803223
2022-06-17,4.035799980163574
2022-06-18,3.936500072479248
2022-06-19,3.936500072479248
2022-06-20,3.936500072479248
2022-06-21,3.9061999320983887
2022-06-22,3.930999994277954
2022-06-23,3.8615000247955322
2022-06-24,3.819999933242798
2022-06-25,3.7939000129699707
2022-06-26,3.7939000129699707
2022-06-27,3.7939000129699707
2022-06-28,3.80049991607666
2022-06-29,3.823699951171875
2022-06-30,3.883500099182129
2022-07-01,3.8247880935668945
2022-07-02,3.7997000217437744
2022-07-03,3.7997000217437744
2022-07-04,3.7997000217437744
2022-07-05,3.8034000396728516
2022-07-06,3.8090999126434326
2022-07-07,3.8046000003814697
2022-07-08,3.8348939418792725
2022-07-09,3.893399953842163
2022-07-10,3.893399953842163
2022-07-11,3.893399953842163
2022-07-12,3.8538999557495117
2022-07-13,3.836400032043457
2022-07-14,3.856100082397461
2022-07-15,3.8324849605560303
2022-07-16,3.7908999919891357
2022-07-17,3.7908999919891357
2022-07-18,3.7908999919891357
2022-07-19,3.75819993019104
2022-07-20,3.7879750728607178
2022-07-21,3.7564001083374023
2022-07-22,3.7569000720977783
2022-07-23,3.7360999584198
2022-07-24,3.7360999584198
2022-07-25,3.7360999584198
2022-07-26,3.818700075149536
2022-07-27,3.822999954223633
2022-07-28,3.8857998847961426
2022-07-29,3.913599967956543
2022-07-30,3.937299966812134
2022-07-31,3.937299966812134
2022-08-01,3.937299966812134
2022-08-02,3.932300090789795
2022-08-03,3.9398999214172363
2022-08-04,3.877700090408325
2022-08-05,3.897700071334839
2022-08-06,3.9526000022888184
2022-08-07,3.9526000022888184
2022-08-08,3.9526000022888184
2022-08-09,3.960700035095215
2022-08-10,3.9502999782562256
2022-08-11,3.92930006980896
2022-08-12,3.865600109100342
2022-08-13,3.9140000343322754
2022-08-14,3.9140000343322754
2022-08-15,3.9140000343322754
2022-08-16,3.8882999420166016
2022-08-17,3.8671000003814697
2022-08-18,3.8680999279022217
2022-08-19,3.893699884414673
2022-08-20,3.903599977493286
2022-08-21,3.903599977493286
2022-08-22,3.903599977493286
2022-08-23,3.902899980545044
2022-08-24,3.9133999347686768
2022-08-25,3.8951001167297363
2022-08-26,3.8991000652313232
2022-08-27,3.9655001163482666
2022-08-28,3.9655001163482666
2022-08-29,3.9655001163482666
2022-08-30,3.975399971008301
2022-08-31,3.929500102996826
2022-09-01,3.8935999870300293
2022-09-02,3.8485000133514404
2022-09-03,3.864000082015991
2022-09-04,3.864000082015991
2022-09-05,3.864000082015991
2022-09-06,3.87276291847229
2022-09-07,3.835200071334839
2022-09-08,3.8080999851226807
2022-09-09,3.823499917984009
2022-09-10,3.8596999645233154
2022-09-11,3.8596999645233154
2022-09-12,3.8596999645233154
2022-09-13,3.8926000595092773
2022-09-14,3.860300064086914
2022-09-15,3.8647000789642334
2022-09-16,3.827399969100952
2022-09-17,3.809999942779541
2022-09-18,3.809999942779541
2022-09-19,3.809999942779541
2022-09-20,3.847899913787842
2022-09-21,3.8850998878479004
2022-09-22,3.8742001056671143
2022-09-23,3.8915998935699463
2022-09-24,3.84089994430542
2022-09-25,3.84089994430542
2022-09-26,3.84089994430542
2022-09-27,3.777400016784668
2022-09-28,3.785599946975708
2022-09-29,3.7530999183654785
2022-09-30,3.7274999618530273
2022-10-01,3.7126998901367188
2022-10-02,3.7126998901367188
2022-10-03,3.7126998901367188
2022-10-04,3.8742001056671143
2022-10-05,3.8554000854492188
2022-10-06,3.856600046157837
2022-10-07,3.8479630947113037
2022-10-08,3.853800058364868
2022-10-09,3.853800058364868
2022-10-10,3.853800058364868
2022-10-11,3.8447999954223633
2022-10-12,3.789400100708008
2022-10-13,3.7749710083007812
2022-10-14,3.7988998889923096
2022-10-15,3.7567999362945557
2022-10-16,3.7567999362945557
2022-10-17,3.7567999362945557
2022-10-18,3.7827000617980957
2022-10-19,3.8189001083374023
2022-10-20,3.816800117492676
2022-10-21,3.8392999172210693
2022-10-22,3.858099937438965
2022-10-23,3.858099937438965
2022-10-24,3.858099937438965
2022-10-25,3.75131893157959
2022-10-26,3.7370998859405518
2022-10-27,3.703000068664551
2022-10-28,3.713599920272827
2022-10-29,3.739799976348877
2022-10-30,3.739799976348877
2022-10-31,3.739799976348877
2022-11-01,3.8213999271392822
2022-11-02,3.835400104522705
2022-11-03,3.826200008392334
2022-11-04,3.843400001525879
2022-11-05,3.8940000534057617
2022-11-06,3.8940000534057617
2022-11-07,3.8940000534057617
2022-11-08,3.770900011062622
2022-11-09,3.7971999645233154
2022-11-10,3.77239990234375
2022-11-11,3.611999988555908
2022-11-12,3.664400100708008
2022-11-13,3.664400100708008
2022-11-14,3.664400100708008
2022-11-15,3.627500057220459
2022-11-16,3.6273999214172363
2022-11-17,3.5794999599456787
2022-11-18,3.577500104904175
2022-11-19,3.61299991607666
2022-11-20,3.61299991607666
2022-11-21,3.61299991607666
2022-11-22,3.672600030899048
2022-11-23,3.6266000270843506
2022-11-24,3.6085000038146973
2022-11-25,3.6410999298095703
2022-11-26,3.571500062942505
2022-11-27,3.571500062942505
2022-11-28,3.571500062942505
2022-11-29,3.59689998626709
2022-11-30,3.648200035095215
2022-12-01,3.713599920272827
2022-12-02,3.6902999877929688
2022-12-03,3.7121999263763428
2022-12-04,3.7121999263763428
2022-12-05,3.7121999263763428
2022-12-06,3.734999895095825
2022-12-07,3.7741000652313232
2022-12-08,3.7792000770568848
2022-12-09,3.754199981689453
2022-12-10,3.772900104522705
2022-12-11,3.772900104522705
2022-12-12,3.772900104522705
2022-12-13,3.7297000885009766
2022-12-14,3.690999984741211
2022-12-15,3.7158000469207764
2022-12-16,3.7177999019622803
2022-12-17,3.7223000526428223
2022-12-18,3.7223000526428223
2022-12-19,3.7223000526428223
2022-12-20,3.7372000217437744
2022-12-21,3.7994000911712646
2022-12-22,3.778700113296509
2022-12-23,3.7855000495910645
2022-12-24,3.7476000785827637
2022-12-25,3.7476000785827637
2022-12-26,3.7476000785827637
2022-12-27,3.709700107574463
2022-12-28,3.677799940109253
2022-12-29,3.6875998973846436
2022-12-30,3.68179988861084
2022-12-31,3.6875
2023-01-01,3.6875
2023-01-02,3.6875
2023-01-03,3.626800060272217
2023-01-04,3.5404999256134033
2023-01-05,3.5689001083374023
2023-01-06,3.6094000339508057
2023-01-07,3.660799980163574
2023-01-08,3.660799980163574
2023-01-09,3.660799980163574
2023-01-10,3.640199899673462
2023-01-11,3.664099931716919
2023-01-12,3.670799970626831
2023-01-13,3.6872000694274902
2023-01-14,3.6798999309539795
2023-01-15,3.6798999309539795
2023-01-16,3.6798999309539795
2023-01-17,3.646699905395508
2023-01-18,3.6552999019622803
2023-01-19,3.6375999450683594
2023-01-20,3.669600009918213
2023-01-21,3.6226999759674072
2023-01-22,3.6226999759674072
2023-01-23,3.6226999759674072
2023-01-24,3.612299919128418
2023-01-25,3.6554999351501465
2023-01-26,3.7023000717163086
2023-01-27,3.7088000774383545
2023-01-28,3.672100067138672
2023-01-29,3.672100067138672
2023-01-30,3.672100067138672
2023-01-31,3.6673998832702637
2023-02-01,3.7126998901367188
2023-02-02,3.6774001121520996
2023-02-03,3.691699981689453
2023-02-04,3.6923999786376953
2023-02-05,3.6923999786376953
2023-02-06,3.6923999786376953
2023-02-07,3.722899913787842
2023-02-08,3.62280011177063
2023-02-09,3.6393001079559326
2023-02-10,3.5481998920440674
2023-02-11,3.5806000232696533
2023-02-12,3.5806000232696533
2023-02-13,3.5806000232696533
2023-02-14,3.596400022506714
2023-02-15,3.5629000663757324
2023-02-16,3.5592000484466553
2023-02-17,3.553499937057495
2023-02-18,3.55430006980896
2023-02-19,3.55430006980896
2023-02-20,3.55430006980896
2023-02-21,3.556299924850464
2023-02-22,3.566999912261963
2023-02-23,3.562999963760376
2023-02-24,3.5738000869750977
2023-02-25,3.5283000469207764
2023-02-26,3.5283000469207764
2023-02-27,3.5283000469207764
2023-02-28,3.5322000980377197
2023-03-01,3.4932000637054443
2023-03-02,3.496299982070923
2023-03-03,3.482100009918213
2023-03-04,3.4563000202178955
2023-03-05,3.4563000202178955
2023-03-06,3.4563000202178955
2023-03-07,3.4916999340057373
2023-03-08,3.4874000549316406
2023-03-09,3.4911999702453613
2023-03-10,3.548799991607666
2023-03-11,3.509999990463257
2023-03-12,3.509999990463257
2023-03-13,3.509999990463257
2023-03-14,3.608299970626831
2023-03-15,3.5415000915527344
2023-03-16,3.592099905014038
2023-03-17,3.5875000953674316
2023-03-18,3.566699981689453
2023-03-19,3.566699981689453
2023-03-20,3.566699981689453
2023-03-21,3.5917000770568848
2023-03-22,3.548099994659424
2023-03-23,3.550299882888794
2023-03-24,3.5053999423980713
2023-03-25,3.5109000205993652
2023-03-26,3.5109000205993652
2023-03-27,3.5109000205993652
2023-03-28,3.525599956512451
2023-03-29,3.525399923324585
2023-03-30,3.521899938583374
2023-03-31,3.5497000217437744
2023-04-01,3.5625
2023-04-02,3.5625
2023-04-03,3.5625
2023-04-04,3.5706000328063965
2023-04-05,3.5715999603271484
2023-04-06,3.635499954223633
2023-04-07,3.603300094604492
2023-04-08,3.587899923324585
2023-04-09,3.587899923324585
2023-04-10,3.587899923324585
2023-04-11,3.581700086593628
2023-04-12,3.6287999153137207
2023-04-13,3.672100067138672
2023-04-14,3.655100107192993
2023-04-15,3.6630001068115234
2023-04-16,3.6630001068115234
2023-04-17,3.6630001068115234
2023-04-18,3.6480000019073486
2023-04-19,3.6171998977661133
2023-04-20,3.5550999641418457
2023-04-21,3.562700033187866
2023-04-22,3.5629000663757324
2023-04-23,3.5629000663757324
2023-04-24,3.5629000663757324
2023-04-25,3.569000005722046
2023-04-26,3.570199966430664
2023-04-27,3.598099946975708
2023-04-28,3.62280011177063
2023-04-29,3.608599901199341
2023-04-30,3.608599901199341
2023-05-01,3.608599901199341
2023-05-02,3.5938000679016113
2023-05-03,3.5648999214172363
2023-05-04,3.594899892807007
2023-05-05,3.5899999141693115
2023-05-06,3.5857999324798584
2023-05-07,3.5857999324798584
2023-05-08,3.5857999324798584
2023-05-09,3.5486600399017334
2023-05-10,3.5594000816345215
2023-05-11,3.547300100326538
2023-05-12,3.563720941543579
2023-05-13,3.5738000869750977
2023-05-14,3.5738000869750977
2023-05-15,3.5738000869750977
2023-05-16,3.5664000511169434
2023-05-17,3.5390000343322754
2023-05-18,3.563199996948242
2023-05-19,3.5657999515533447
2023-05-20,3.552299976348877
2023-05-21,3.552299976348877
2023-05-22,3.552299976348877
2023-05-23,3.6003000736236572
2023-05-24,3.611799955368042
2023-05-25,3.5889410972595215
2023-05-26,3.5439000129699707
2023-05-27,3.52620005607605
2023-05-28,3.52620005607605
2023-05-29,3.52620005607605
2023-05-30,3.505000114440918
2023-05-31,3.5062999725341797
2023-06-01,3.496299982070923
2023-06-02,3.4986000061035156
2023-06-03,3.540600061416626
2023-06-04,3.540600061416626
2023-06-05,3.540600061416626
2023-06-06,3.5429999828338623
2023-06-07,3.534878969192505
2023-06-08,3.523400068283081
2023-06-09,3.527801036834717
2023-06-10,3.5409998893737793
2023-06-11,3.5409998893737793
2023-06-12,3.5409998893737793
2023-06-13,3.5532000064849854
2023-06-14,3.5427000522613525
2023-06-15,3.5597000122070312
2023-06-16,3.558500051498413
2023-06-17,3.5422000885009766
2023-06-18,3.5422000885009766
2023-06-19,3.5422000885009766
2023-06-20,3.573499917984009
2023-06-21,3.5892999172210693
2023-06-22,3.594099998474121
2023-06-23,3.59879994392395
2023-06-24,3.58240008354187
2023-06-25,3.58240008354187
2023-06-26,3.58240008354187
2023-06-27,3.589900016784668
2023-06-28,3.5492000579833984
2023-06-29,3.522599935531616
2023-06-30,3.523400068283081
2023-07-01,3.5764999389648438
2023-07-02,3.5764999389648438
2023-07-03,3.5764999389648438
2023-07-04,3.546600103378296
2023-07-05,3.519399881362915
2023-07-06,3.506200075149536
2023-07-07,3.501300096511841
2023-07-08,3.5179998874664307
2023-07-09,3.5179998874664307
2023-07-10,3.5179998874664307
2023-07-11,3.4790000915527344
2023-07-12,3.5099000930786133
2023-07-13,3.5053000450134277
2023-07-14,3.5109000205993652
2023-07-15,3.4958999156951904
2023-07-16,3.4958999156951904
2023-07-17,3.4958999156951904
2023-07-18,3.478800058364868
2023-07-19,3.4809000492095947
2023-07-20,3.4860999584198
2023-07-21,3.515958070755005
2023-07-22,3.553800106048584
2023-07-23,3.553800106048584
2023-07-24,3.553800106048584
2023-07-25,3.560499906539917
2023-07-26,3.563699960708618
2023-07-27,3.557800054550171
2023-07-28,3.552000045776367
2023-07-29,3.5290000438690186
2023-07-30,3.5290000438690186
2023-07-31,3.5290000438690186
2023-08-01,3.5429000854492188
2023-08-02,3.522599935531616
2023-08-03,3.535799980163574
2023-08-04,3.522599935531616
2023-08-05,3.497299909591675
2023-08-06,3.497299909591675
2023-08-07,3.497299909591675
2023-08-08,3.4821999073028564
2023-08-09,3.4918999671936035
2023-08-10,3.477799892425537
2023-08-11,3.4890999794006348
2023-08-12,3.4577999114990234
2023-08-13,3.4577999114990234
2023-08-14,3.4577999114990234
2023-08-15,3.4342000484466553
2023-08-16,3.4347000122070312
2023-08-17,3.435499906539917
2023-08-18,3.434299945831299
2023-08-19,3.4286000728607178
2023-08-20,3.4286000728607178
2023-08-21,3.4286000728607178
2023-08-22,3.4168999195098877
2023-08-23,3.422100067138672
2023-08-24,3.455699920654297
2023-08-25,3.4458999633789062
2023-08-26,3.4323999881744385
2023-08-27,3.4323999881744385
2023-08-28,3.4323999881744385
2023-08-29,3.441999912261963
2023-08-30,3.460400104522705
2023-08-31,3.424999952316284
2023-09-01,3.4286000728607178
2023-09-02,3.427799940109253
2023-09-03,3.427799940109253
2023-09-04,3.427799940109253
2023-09-05,3.4772000312805176
2023-09-06,3.4995999336242676
2023-09-07,3.531899929046631
2023-09-08,3.532399892807007
2023-09-09,3.5202999114990234
2023-09-10,3.5202999114990234
2023-09-11,3.5202999114990234
2023-09-12,3.503999948501587
2023-09-13,3.47979998588562
2023-09-14,3.4856998920440674
2023-09-15,3.5114998817443848
2023-09-16,3.5020999908447266
2023-09-17,3.5020999908447266
2023-09-18,3.5020999908447266
2023-09-19,3.522700071334839
2023-09-20,3.5053999423980713
2023-09-21,3.5007998943328857
2023-09-22,3.487299919128418
2023-09-23,3.4807000160217285
2023-09-24,3.4807000160217285
2023-09-25,3.4807000160217285
2023-09-26,3.499000072479248
2023-09-27,3.5160999298095703
2023-09-28,3.5055999755859375
2023-09-29,3.4818999767303467
2023-09-30,3.450500011444092
2023-10-01,3.450500011444092
2023-10-02,3.450500011444092
2023-10-03,3.4909000396728516
2023-10-04,3.485300064086914
2023-10-05,3.4881999492645264
2023-10-06,3.5374999046325684
2023-10-07,3.542099952697754
2023-10-08,3.542099952697754
2023-10-09,3.542099952697754
2023-10-10,3.5429999828338623
2023-10-11,3.547800064086914
2023-10-12,3.5302000045776367
2023-10-13,3.5589001178741455
2023-10-14,3.5725998878479004
2023-10-15,3.5725998878479004
2023-10-16,3.5725998878479004
2023-10-17,3.553100109100342
2023-10-18,3.574399948120117
2023-10-19,3.6064999103546143
2023-10-20,3.616499900817871
2023-10-21,3.617300033569336
2023-10-22,3.617300033569336
2023-10-23,3.617300033569336
2023-10-24,3.61680006980896
2023-10-25,3.655900001525879
2023-10-26,3.669600009918213
2023-10-27,3.638000011444092
2023-10-28,3.6373000144958496
2023-10-29,3.6373000144958496
2023-10-30,3.6373000144958496
2023-10-31,3.577199935913086
2023-11-01,3.584399938583374
2023-11-02,3.5827999114990234
2023-11-03,3.5387001037597656
2023-11-04,3.5645999908447266
2023-11-05,3.5645999908447266
2023-11-06,3.5645999908447266
2023-11-07,3.59060001373291
2023-11-08,3.5861001014709473
2023-11-09,3.569499969482422
2023-11-10,3.603800058364868
2023-11-11,3.588900089263916
2023-11-12,3.588900089263916
2023-11-13,3.588900089263916
2023-11-14,3.5873000621795654
2023-11-15,3.5632998943328857
2023-11-16,3.5553998947143555
2023-11-17,3.5429999828338623
2023-11-18,3.5590999126434326
2023-11-19,3.5590999126434326
2023-11-20,3.5590999126434326
2023-11-21,3.524199962615967
2023-11-22,3.508699893951416
2023-11-23,3.5030999183654785
2023-11-24,3.5034000873565674
2023-11-25,3.489000082015991
2023-11-26,3.489000082015991
2023-11-27,3.489000082015991
2023-11-28,3.5048999786376953
2023-11-29,3.5160000324249268
2023-11-30,3.5239999294281006
2023-12-01,3.52810001373291
2023-12-02,3.489300012588501
2023-12-03,3.489300012588501
2023-12-04,3.489300012588501
2023-12-05,3.530900001525879
2023-12-06,3.5223000049591064
2023-12-07,3.524600028991699
2023-12-08,3.555999994277954
2023-12-09,3.5271999835968018
2023-12-10,3.5271999835968018
2023-12-11,3.5271999835968018
2023-12-12,3.518699884414673
2023-12-13,3.4832000732421875
2023-12-14,3.5071001052856445
2023-12-15,3.4953999519348145
2023-12-16,3.465580940246582
2023-12-17,3.465580940246582
2023-12-18,3.465580940246582
2023-12-19,3.5027999877929688
2023-12-20,3.5055999755859375
2023-12-21,3.4834001064300537
2023-12-22,3.486299991607666
2023-12-23,3.475600004196167
2023-12-24,3.475600004196167
2023-12-25,3.475600004196167
2023-12-26,3.470900058746338
2023-12-27,3.5260000228881836
2023-12-28,3.503999948501587
2023-12-29,3.4948999881744385
2023-12-30,3.4953999519348145
2023-12-31,3.4953999519348145
2024-01-01,3.4953999519348145
2024-01-02,3.4934000968933105
2024-01-03,3.4576001167297363
2024-01-04,3.4563000202178955
2024-01-05,3.4742000102996826
2024-01-06,3.458699941635132
2024-01-07,3.458699941635132
2024-01-08,3.458699941635132
2024-01-09,3.4547998905181885
2024-01-10,3.455899953842163
2024-01-11,3.469399929046631
2024-01-12,3.4681999683380127
2024-01-13,3.446850061416626
2024-01-14,3.446850061416626
2024-01-15,3.446850061416626
2024-01-16,3.4728000164031982
2024-01-17,3.49180006980896
2024-01-18,3.484499931335449
2024-01-19,3.4825000762939453
2024-01-20,3.4677999019622803
2024-01-21,3.4677999019622803
2024-01-22,3.4677999019622803
2024-01-23,3.4447999000549316
2024-01-24,3.4921000003814697
2024-01-25,3.4916999340057373
2024-01-26,3.4974000453948975
2024-01-27,3.4928998947143555
2024-01-28,3.4928998947143555
2024-01-29,3.4928998947143555
2024-01-30,3.4760000705718994
2024-01-31,3.4623000621795654
2024-02-01,3.47379994392395
2024-02-02,3.472100019454956
2024-02-03,3.4595000743865967
2024-02-04,3.4595000743865967
2024-02-05,3.4595000743865967
2024-02-06,3.432800054550171
2024-02-07,3.43149995803833
2024-02-08,3.4302000999450684
2024-02-09,3.432300090789795
2024-02-10,3.4453999996185303
2024-02-11,3.4453999996185303
2024-02-12,3.4453999996185303
2024-02-13,3.444000005722046
2024-02-14,3.471299886703491
2024-02-15,3.437000036239624
2024-02-16,3.4244000911712646
2024-02-17,3.427799940109253
2024-02-18,3.427799940109253
2024-02-19,3.427799940109253
2024-02-20,3.436500072479248
2024-02-21,3.460599899291992
2024-02-22,3.4511001110076904
2024-02-23,3.4451000690460205
2024-02-24,3.4267001152038574
2024-02-25,3.4267001152038574
2024-02-26,3.4267001152038574
2024-02-27,3.430799961090088
2024-02-28,3.45770001411438
2024-02-29,3.440000057220459
2024-03-01,3.4277000427246094
2024-03-02,3.4316000938415527
2024-03-03,3.4316000938415527
2024-03-04,3.4316000938415527
2024-03-05,3.4263999462127686
2024-03-06,3.4156999588012695
2024-03-07,3.4117000102996826
2024-03-08,3.41759991645813
2024-03-09,3.3691999912261963
2024-03-10,3.3691999912261963
2024-03-11,3.3691999912261963
2024-03-12,3.3724000453948975
2024-03-13,3.378000020980835
2024-03-14,3.352099895477295
2024-03-15,3.3427999019622803
2024-03-16,3.3480000495910645
2024-03-17,3.3480000495910645
2024-03-18,3.3480000495910645
2024-03-19,3.344099998474121
2024-03-20,3.3403000831604004
2024-03-21,3.356300115585327
2024-03-22,3.362600088119507
2024-03-23,3.3475000858306885
2024-03-24,3.3475000858306885
2024-03-25,3.3475000858306885
2024-03-26,3.3529999256134033
2024-03-27,3.3424999713897705
2024-03-28,3.3166000843048096
2024-03-29,3.3096001148223877
2024-03-30,3.2999000549316406
2024-03-31,3.2999000549316406
2024-04-01,3.2999000549316406
2024-04-02,3.287100076675415
2024-04-03,3.267699956893921
2024-04-04,3.279900074005127
2024-04-05,3.2739999294281006
2024-04-06,3.2548999786376953
2024-04-07,3.2548999786376953
2024-04-08,3.2548999786376953
2024-04-09,3.2472000122070312
2024-04-10,3.269399881362915
2024-04-11,3.2476999759674072
2024-04-12,3.226900100708008
2024-04-13,3.2439000606536865
2024-04-14,3.2439000606536865
2024-04-15,3.2439000606536865
2024-04-16,3.2202999591827393
2024-04-17,3.2204999923706055
2024-04-18,3.2407000064849854
2024-04-19,3.2553999423980713
2024-04-20,3.268699884414673
2024-04-21,3.268699884414673
2024-04-22,3.268699884414673
2024-04-23,3.3148000240325928
2024-04-24,3.303800106048584
2024-04-25,3.3169000148773193
2024-04-26,3.332200050354004
2024-04-27,3.3529000282287598
2024-04-28,3.3529000282287598
2024-04-29,3.3529000282287598
2024-04-30,3.3220999240875244
2024-05-01,3.2995998859405518
2024-05-02,3.260200023651123
2024-05-03,3.3203001022338867
2024-05-04,3.327199935913086
2024-05-05,3.327199935913086
2024-05-06,3.327199935913086
2024-05-07,3.3243000507354736
2024-05-08,3.3296000957489014
2024-05-09,3.322700023651123
2024-05-10,3.2636001110076904
2024-05-11,3.259000062942505
2024-05-12,3.259000062942505
2024-05-13,3.259000062942505
2024-05-14,3.2560999393463135
2024-05-15,3.2827999591827393
2024-05-16,3.246999979019165
2024-05-17,3.2493999004364014
2024-05-18,3.2509000301361084
2024-05-19,3.2509000301361084
2024-05-20,3.2509000301361084
2024-05-21,3.241300106048584
2024-05-22,3.2425999641418457
2024-05-23,3.233099937438965
2024-05-24,3.2509000301361084
2024-05-25,3.245500087738037
2024-05-26,3.245500087738037
2024-05-27,3.245500087738037
2024-05-28,3.219399929046631
2024-05-29,3.2511000633239746
2024-05-30,3.26990008354187
2024-05-31,3.2676000595092773
2024-06-01,3.2344000339508057
2024-06-02,3.2344000339508057
2024-06-03,3.2344000339508057
2024-06-04,3.367300033569336
2024-06-05,3.3661999702453613
2024-06-06,3.3024001121520996
2024-06-07,3.400099992752075
2024-06-08,3.46370005607605
2024-06-09,3.46370005607605
2024-06-10,3.46370005607605
2024-06-11,3.4655001163482666
2024-06-12,3.4600000381469727
2024-06-13,3.4707999229431152
2024-06-14,3.433000087738037
2024-06-15,3.444200038909912
2024-06-16,3.444200038909912
2024-06-17,3.444200038909912
2024-06-18,3.414799928665161
2024-06-19,3.3822999000549316
2024-06-20,3.3968000411987305
2024-06-21,3.364000082015991
2024-06-22,3.3243000507354736
2024-06-23,3.3243000507354736
2024-06-24,3.3243000507354736
2024-06-25,3.328200101852417
2024-06-26,3.323199987411499
2024-06-27,3.314300060272217
2024-06-28,3.3482000827789307
2024-06-29,3.2669999599456787
2024-06-30,3.2669999599456787
2024-07-01,3.2669999599456787
2024-07-02,3.2476000785827637
2024-07-03,3.21589994430542
2024-07-04,3.2679998874664307
2024-07-05,3.2955000400543213
2024-07-06,3.3017001152038574
2024-07-07,3.3017001152038574
2024-07-08,3.3017001152038574
2024-07-09,3.2857000827789307
2024-07-10,3.3017001152038574
2024-07-11,3.2920000553131104
2024-07-12,3.263000011444092
2024-07-13,3.2602999210357666
2024-07-14,3.2602999210357666
2024-07-15,3.2602999210357666
2024-07-16,3.25219988822937
2024-07-17,3.2509000301361084
2024-07-18,3.2314000129699707
2024-07-19,3.238800048828125
2024-07-20,3.2400999069213867
2024-07-21,3.2400999069213867
2024-07-22,3.2400999069213867
2024-07-23,3.2186999320983887
2024-07-24,3.2497000694274902
2024-07-25,3.2455999851226807
2024-07-26,3.266900062561035
2024-07-27,3.253200054168701
2024-07-28,3.253200054168701
2024-07-29,3.253200054168701
2024-07-30,3.3203999996185303
2024-07-31,3.342600107192993
2024-08-01,3.293600082397461
2024-08-02,3.289799928665161
2024-08-03,3.410399913787842
2024-08-04,3.410399913787842
2024-08-05,3.410399913787842
2024-08-06,3.3529000282287598
2024-08-07,3.4612998962402344
2024-08-08,3.423099994659424
2024-08-09,3.397900104522705
2024-08-10,3.4173998832702637
2024-08-11,3.4173998832702637
2024-08-12,3.4173998832702637
2024-08-13,3.4684998989105225
2024-08-14,3.480600118637085
2024-08-15,3.43969988822937
2024-08-16,3.397700071334839
2024-08-17,3.4042000770568848
2024-08-18,3.4042000770568848
2024-08-19,3.4042000770568848
2024-08-20,3.4509999752044678
2024-08-21,3.4686999320983887
2024-08-22,3.51419997215271
2024-08-23,3.4860000610351562
2024-08-24,3.500499963760376
2024-08-25,3.500499963760376
2024-08-26,3.500499963760376
2024-08-27,3.5253000259399414
2024-08-28,3.5897998809814453
2024-08-29,3.5350000858306885
2024-08-30,3.523900032043457
2024-08-31,3.5127999782562256
2024-09-01,3.5127999782562256
2024-09-02,3.5127999782562256
2024-09-03,3.5327000617980957
2024-09-04,3.503999948501587
2024-09-05,3.535599946975708
2024-09-06,3.5699000358581543
2024-09-07,3.563699960708618
2024-09-08,3.563699960708618
2024-09-09,3.563699960708618
2024-09-10,3.56030011177063
2024-09-11,3.545799970626831
2024-09-12,3.518199920654297
2024-09-13,3.4700000286102295
2024-09-14,3.3982999324798584
2024-09-15,3.3982999324798584
2024-09-16,3.3982999324798584
2024-09-17,3.4893999099731445
2024-09-18,3.485300064086914
2024-09-19,3.5192999839782715
2024-09-20,3.558199882507324
2024-09-21,3.5160000324249268
2024-09-22,3.5160000324249268
2024-09-23,3.5160000324249268
2024-09-24,3.5071001052856445
2024-09-25,3.5429999828338623
2024-09-26,3.5875000953674316
2024-09-27,3.6070001125335693
2024-09-28,3.613100051879883
2024-09-29,3.613100051879883
2024-09-30,3.613100051879883
2024-10-01,3.6092000007629395
2024-10-02,3.61680006980896
2024-10-03,3.5669000148773193
2024-10-04,3.5306999683380127
2024-10-05,3.5322999954223633
2024-10-06,3.5322999954223633
2024-10-07,3.5322999954223633
2024-10-08,3.5088000297546387
2024-10-09,3.495800018310547
2024-10-10,3.476599931716919
2024-10-11,3.4823999404907227
2024-10-12,3.437700033187866
2024-10-13,3.437700033187866
2024-10-14,3.437700033187866
2024-10-15,3.469599962234497
2024-10-16,3.485300064086914
2024-10-17,3.5104000568389893
2024-10-18,3.5044000148773193
2024-10-19,3.5230000019073486
2024-10-20,3.5230000019073486
2024-10-21,3.5230000019073486
2024-10-22,3.507699966430664
2024-10-23,3.504199981689453
2024-10-24,3.4862000942230225
2024-10-25,3.4974000453948975
2024-10-26,3.495800018310547
2024-10-27,3.495800018310547
2024-10-28,3.495800018310547
2024-10-29,3.5055999755859375
2024-10-30,3.479300022125244
2024-10-31,3.496799945831299
2024-11-01,3.4616000652313232
2024-11-02,3.4235000610351562
2024-11-03,3.4235000610351562
2024-11-04,3.4235000610351562
2024-11-05,3.469899892807007
2024-11-06,3.509999990463257
2024-11-07,3.5501999855041504
2024-11-08,3.4774999618530273
2024-11-09,3.506700038909912
2024-11-10,3.506700038909912
2024-11-11,3.506700038909912
2024-11-12,3.53410005569458
2024-11-13,3.5808000564575195
2024-11-14,3.53439998626709
2024-11-15,3.5304999351501465
2024-11-16,3.5102999210357666
2024-11-17,3.5102999210357666
2024-11-18,3.5102999210357666
2024-11-19,3.515399932861328
2024-11-20,3.4798998832702637
2024-11-21,3.5107998847961426
2024-11-22,3.510699987411499
2024-11-23,3.5102999210357666
2024-11-24,3.5102999210357666
2024-11-25,3.5102999210357666
2024-11-26,3.5497610569000244
2024-11-27,3.555000066757202
2024-11-28,3.4688000679016113
2024-11-29,3.3982999324798584
2024-11-30,3.414599895477295
2024-12-01,3.414599895477295
2024-12-02,3.414599895477295
2024-12-03,3.3671000003814697
2024-12-04,3.360100030899048
2024-12-05,3.359299898147583
2024-12-06,3.3594000339508057
2024-12-07,3.3131000995635986
2024-12-08,3.3131000995635986
2024-12-09,3.3131000995635986
2024-12-10,3.328900098800659
2024-12-11,3.334700107574463
2024-12-12,3.378700017929077
2024-12-13,3.368299961090088
2024-12-14,3.325000047683716
2024-12-15,3.325000047683716
2024-12-16,3.325000047683716
2024-12-17,3.272900104522705
2024-12-18,3.303499937057495
2024-12-19,3.2393999099731445
2024-12-20,3.3039000034332275
2024-12-21,3.2995998859405518
2024-12-22,3.2995998859405518
2024-12-23,3.2995998859405518
2024-12-24,3.256500005722046
2024-12-25,3.2623000144958496
2024-12-26,3.270327091217041
2024-12-27,3.26990008354187
2024-12-28,3.279400110244751
2024-12-29,3.279400110244751
2024-12-30,3.279400110244751
2024-12-31,3.33686900138855
2025-01-01,3.3053998947143555
2025-01-02,3.3053998947143555
2025-01-03,3.34660005569458
2025-01-04,3.3385000228881836
2025-01-05,3.3385000228881836
2025-01-06,3.3385000228881836
2025-01-07,3.322066068649292
2025-01-08,3.3313000202178955
2025-01-09,3.3424999713897705
2025-01-10,3.3970999717712402
2025-01-11,3.3803999423980713
2025-01-12,3.3803999423980713
2025-01-13,3.3803999423980713
2025-01-14,3.3810999393463135
2025-01-15,3.386399984359741
2025-01-16,3.4007999897003174
2025-01-17,3.4428999423980713
2025-01-18,3.42330002784729
2025-01-19,3.42330002784729
2025-01-20,3.42330002784729
2025-01-21,3.397900104522705
2025-01-22,3.4293999671936035
2025-01-23,3.448499917984009
2025-01-24,3.4398000240325928
2025-01-25,3.4495699405670166
2025-01-26,3.4495699405670166
2025-01-27,3.4495699405670166
2025-01-28,3.5197999477386475
2025-01-29,3.507699966430664
2025-01-30,3.500200033187866
2025-01-31,3.5172998905181885
2025-02-01,3.6222000122070312
2025-02-02,3.6222000122070312
2025-02-03,3.6222000122070312
2025-02-04,3.510200023651123
2025-02-05,3.561000108718872
2025-02-06,3.5434999465942383
2025-02-07,3.5483999252319336
2025-02-08,3.543057918548584
2025-02-09,3.543057918548584
2025-02-10,3.543057918548584
2025-02-11,3.562700033187866
2025-02-12,3.5607080459594727
2025-02-13,3.559536933898926
2025-02-14,3.5387001037597656
2025-02-15,3.559299945831299
2025-02-16,3.559299945831299
2025-02-17,3.559299945831299
2025-02-18,3.5487000942230225
2025-02-19,3.5580999851226807
2025-02-20,3.5752999782562256
2025-02-21,3.558799982070923
2025-02-22,3.5536999702453613
2025-02-23,3.5536999702453613
2025-02-24,3.5536999702453613
2025-02-25,3.5423998832702637
2025-02-26,3.563199996948242
2025-02-27,3.515199899673462
2025-02-28,3.5035998821258545
2025-03-01,3.482599973678589
2025-03-02,3.482599973678589
2025-03-03,3.482599973678589
2025-03-04,3.4435999393463135
2025-03-05,3.4976999759674072
2025-03-06,3.5532000064849854
2025-03-07,3.516700029373169
2025-03-08,3.496299982070923
2025-03-09,3.496299982070923
2025-03-10,3.496299982070923
2025-03-11,3.473099946975708
2025-03-12,3.4867000579833984
2025-03-13,3.477299928665161
2025-03-14,3.461199998855591
2025-03-15,3.464600086212158
2025-03-16,3.464600086212158
2025-03-17,3.464600086212158
2025-03-18,3.5083000659942627
2025-03-19,3.5078001022338867
2025-03-20,3.5453999042510986
2025-03-21,3.548099994659424
2025-03-22,3.526599884033203
2025-03-23,3.526599884033203
2025-03-24,3.526599884033203
2025-03-25,3.477299928665161
2025-03-26,3.5148000717163086
2025-03-27,3.530600070953369
2025-03-28,3.533900022506714
2025-03-29,3.5399999618530273
2025-03-30,3.5399999618530273
2025-03-31,3.5399999618530273
2025-04-01,3.5896999835968018
2025-04-02,3.5768001079559326
2025-04-03,3.5773000717163086
2025-04-04,3.539599895477295
2025-04-05,3.5297999382019043
2025-04-06,3.5297999382019043
2025-04-07,3.5297999382019043
2025-04-08,3.499000072479248
2025-04-09,3.4647998809814453
2025-04-10,3.493499994277954
2025-04-11,3.498199939727783
2025-04-12,3.4558000564575195
2025-04-13,3.4558000564575195
2025-04-14,3.4558000564575195
2025-04-15,3.428999900817871
2025-04-16,3.4173998832702637
2025-04-17,3.3961000442504883
2025-04-18,3.393199920654297
2025-04-19,3.393199920654297
2025-04-20,3.393199920654297
2025-04-21,3.393199920654297
2025-04-22,3.393199920654297
2025-04-23,3.4289000034332275
2025-04-24,3.4388999938964844
2025-04-25,3.4486000537872314
2025-04-26,3.4344000816345215
2025-04-27,3.4344000816345215
2025-04-28,3.4344000816345215
2025-04-29,3.462399959564209
2025-04-30,3.4779000282287598
2025-05-01,3.4544999599456787
2025-05-02,3.450700044631958
2025-05-03,3.458899974822998
2025-05-04,3.458899974822998
2025-05-05,3.458899974822998
2025-05-06,3.45989990234375
2025-05-07,3.4363999366760254
2025-05-08,3.4102001190185547
2025-05-09,3.4465999603271484
2025-05-10,3.4398999214172363
2025-05-11,3.4398999214172363
2025-05-12,3.4398999214172363
2025-05-13,3.4575130939483643
2025-05-14,3.4593000411987305
2025-05-15,3.4363999366760254
2025-05-16,3.423902988433838
2025-05-17,3.433500051498413
2025-05-18,3.433500051498413
2025-05-19,3.433500051498413
2025-05-20,3.4166998863220215
2025-05-21,3.398200035095215
2025-05-22,3.428800106048584
2025-05-23,3.3782999515533447
2025-05-24,3.4017999172210693
2025-05-25,3.4017999172210693
2025-05-26,3.4017999172210693
2025-05-27,3.3940000534057617
2025-05-28,3.4149999618530273
2025-05-29,3.4068000316619873
2025-05-30,3.406399965286255
2025-05-31,3.3947999477386475
2025-06-01,3.3947999477386475
2025-06-02,3.3947999477386475
2025-06-03,3.382499933242798
2025-06-04,3.4100000858306885
2025-06-05,3.407900094985962
2025-06-06,3.4282000064849854
2025-06-07,3.4314000606536865
2025-06-08,3.4314000606536865
2025-06-09,3.4314000606536865
2025-06-10,3.424999952316284
2025-06-11,3.416599988937378
2025-06-12,3.4117000102996826
2025-06-13,3.4094998836517334
2025-06-14,3.41759991645813
2025-06-15,3.41759991645813
2025-06-16,3.41759991645813
2025-06-17,3.4435999393463135
2025-06-18,3.4593000411987305
2025-06-19,3.464900016784668
2025-06-20,3.464200019836426
2025-06-21,3.4839000701904297
2025-06-22,3.4839000701904297
2025-06-23,3.4839000701904297
2025-06-24,3.4718000888824463
2025-06-25,3.4444000720977783
2025-06-26,3.40120005607605
2025-06-27,3.443000078201294
2025-06-28,3.431999921798706
2025-06-29,3.431999921798706
2025-06-30,3.431999921798706
2025-07-01,3.450700044631958
2025-07-02,3.4321000576019287
2025-07-03,3.4591000080108643
2025-07-04,3.446199893951416
2025-07-05,3.43149995803833
2025-07-06,3.43149995803833
2025-07-07,3.43149995803833
2025-07-08,3.3954999446868896
2025-07-09,3.4144999980926514
2025-07-10,3.33270001411438
2025-07-11,3.359999895095825
2025-07-12,3.351300001144409
2025-07-13,3.351300001144409
2025-07-14,3.351300001144409
2025-07-15,3.352799892425537
2025-07-16,3.3821001052856445
2025-07-17,3.3610000610351562
2025-07-18,3.379300117492676
2025-07-19,3.3529999256134033
2025-07-20,3.3529999256134033
2025-07-21,3.3529999256134033
2025-07-22,3.351799964904785
2025-07-23,3.3489999771118164
2025-07-24,3.3584001064300537
2025-07-25,3.355799913406372
2025-07-26,3.324899911880493
2025-07-27,3.324899911880493
2025-07-28,3.324899911880493
2025-07-29,3.3554000854492188
2025-07-30,3.361799955368042
2025-07-31,3.3780999183654785
2025-08-01,3.3675999641418457
2025-08-02,3.4056999683380127
2025-08-03,3.4056999683380127
2025-08-04,3.4056999683380127
2025-08-05,3.4328999519348145
2025-08-06,3.4024999141693115
2025-08-07,3.406100034713745
2025-08-08,3.4346001148223877
2025-08-09,3.4184999465942383
2025-08-10,3.4184999465942383
2025-08-11,3.4184999465942383
2025-08-12,3.4296998977661133
2025-08-13,3.4382998943328857
2025-08-14,3.4539999961853027
2025-08-15,3.473099946975708
2025-08-16,3.4655001163482666
2025-08-17,3.4655001163482666
2025-08-18,3.4655001163482666
2025-08-19,3.4519999027252197
2025-08-20,3.4209001064300537
2025-08-21,3.426500082015991
2025-08-22,3.4263999462127686
2025-08-23,3.427500009536743
2025-08-24,3.427500009536743
2025-08-25,3.427500009536743
2025-08-26,3.452399969100952
2025-08-27,3.434000015258789
2025-08-28,3.440999984741211
2025-08-29,3.4439001083374023
2025-08-30,3.433300018310547
2025-08-31,3.433300018310547
2025-09-01,3.433300018310547
2025-09-02,3.4265999794006348
2025-09-03,3.42330002784729
2025-09-04,3.4305999279022217
2025-09-05,3.4372000694274902
2025-09-06,3.4583001136779785
2025-09-07,3.4583001136779785
2025-09-08,3.4583001136779785
2025-09-09,3.4388999938964844
2025-09-10,3.425800085067749
2025-09-11,3.4398000240325928
2025-09-12,3.424999952316284
2025-09-13,3.4458999633789062
2025-09-14,3.4458999633789062
2025-09-15,3.4458999633789062
2025-09-16,3.450700044631958
2025-09-17,3.4512999057769775
2025-09-18,3.4453001022338867
2025-09-19,3.45989990234375
2025-09-20,3.4591000080108643
2025-09-21,3.4591000080108643
2025-09-22,3.4591000080108643
2025-09-23,3.4391000270843506
2025-09-24,3.4718000888824463
2025-09-25,3.4535000324249268
2025-09-26,3.4439001083374023
2025-09-27,3.430799961090088
2025-09-28,3.430799961090088
2025-09-29,3.430799961090088
2025-09-30,3.4475998878479004
2025-10-01,3.4416000843048096
2025-10-02,3.447700023651123
2025-10-03,3.4505999088287354
2025-10-04,3.4530999660491943
2025-10-05,3.4530999660491943
2025-10-06,3.4530999660491943
2025-10-07,3.451200008392334
2025-10-08,3.4323999881744385
2025-10-09,3.435699939727783
2025-10-10,3.4170000553131104
2025-10-11,3.350399971008301
2025-10-12,3.350399971008301
2025-10-13,3.350399971008301
2025-10-14,3.3761000633239746
2025-10-15,3.372499942779541
2025-10-16,3.3879001140594482
2025-10-17,3.3831000328063965
2025-10-18,3.391200065612793
2025-10-19,3.391200065612793
2025-10-20,3.391200065612793
2025-10-21,3.422300100326538
2025-10-22,3.419600009918213
2025-10-23,3.4130001068115234
2025-10-24,3.4154000282287598
2025-10-25,3.416100025177002
2025-10-26,3.416100025177002
2025-10-27,3.416100025177002
2025-10-28,3.4217000007629395
2025-10-29,3.4370999336242676
2025-10-30,3.4463999271392822
2025-10-31,3.4398999214172363
2025-11-01,3.4472339153289795
2025-11-02,3.4472339153289795
2025-11-03,3.4472339153289795
2025-11-04,3.4514999389648438
2025-11-05,3.4611001014709473
2025-11-06,3.467099905014038
2025-11-07,3.469899892807007
2025-11-08,3.456199884414673
2025-11-09,3.456199884414673
2025-11-10,3.456199884414673
2025-11-11,3.472100019454956
2025-11-12,3.4730000495910645
2025-11-13,3.454900026321411
2025-11-14,3.455699920654297
2025-11-15,3.4556000232696533
2025-11-16,3.4556000232696533
2025-11-17,3.4556000232696533
2025-11-18,3.45770001411438
2025-11-19,3.444700002670288
2025-11-20,3.4370999336242676
2025-11-21,3.445499897003174
2025-11-22,3.419800043106079
2025-11-23,3.419800043106079
2025-11-24,3.419800043106079
2025-11-25,3.432800054550171
2025-11-26,3.414400100708008
2025-11-27,3.4379000663757324
2025-11-28,3.422499895095825
2025-11-29,3.4267001152038574
2025-11-30,3.4267001152038574
2025-12-01,3.4267001152038574
2025-12-02,3.4154999256134033
2025-12-03,3.4286999702453613
2025-12-04,3.444200038909912
2025-12-05,3.431299924850464
2025-12-06,3.339600086212158
2025-12-07,3.339600086212158
2025-12-08,3.339600086212158
2025-12-09,3.3606998920440674
2025-12-10,3.346400022506714
2025-12-11,3.316800117492676
2025-12-12,3.3340001106262207
2025-12-13,3.3220999240875244
2025-12-14,3.3220999240875244
2025-12-15,3.3220999240875244
2025-12-16,3.319200038909912
2025-12-17,3.2588000297546387
2025-12-18,3.2606000900268555
2025-12-19,3.2581000328063965
2025-12-20,3.2493999004364014
2025-12-21,3.2493999004364014
2025-12-22,3.2493999004364014
2025-12-23,3.213599920272827
2025-12-24,3.2411000728607178
2025-12-25,3.2476000785827637
2025-12-26,3.2476000785827637
2025-12-27,3.226900100708008
2025-12-28,3.226900100708008
2025-12-29,3.226900100708008
2025-12-30,3.224900007247925
2025-12-31,3.283099889755249
